{"cameraMode":{"drawMode":0,"name":"Shaded","section":"Shading Mode"},"sceneLighting":false,"audioPlay":false,"sceneViewState":{"showFog":true,"showMaterialUpdate":true,"showSkybox":false,"showFlares":true,"showImageEffects":true,"showParticleSystems":true},"in2DMode":false,"pivot":{"x":0.01649552583694458,"y":0.31280991435050967,"z":-0.006465286016464233},"rotation":{"x":-0.028978625312447549,"y":-0.91290682554245,"z":0.06584297120571137,"w":-0.40178239345550539},"size":0.5370412468910217,"orthographic":false}