{"cameraMode":{"drawMode":0,"name":"Shaded","section":"Shading Mode"},"sceneLighting":true,"audioPlay":false,"sceneViewState":{"showFog":true,"showMaterialUpdate":true,"showSkybox":true,"showFlares":true,"showImageEffects":true,"showParticleSystems":true},"in2DMode":false,"pivot":{"x":169.955322265625,"y":-15.66180419921875,"z":169.45046997070313},"rotation":{"x":-0.04530857503414154,"y":-0.2231629490852356,"z":0.010384521447122097,"w":-0.9736724495887756},"size":240.1473846435547,"orthographic":false}