{"cameraMode":{"drawMode":0,"name":"Shaded","section":"Shading Mode"},"sceneLighting":false,"audioPlay":false,"sceneViewState":{"showFog":true,"showMaterialUpdate":true,"showSkybox":false,"showFlares":true,"showImageEffects":true,"showParticleSystems":true},"in2DMode":false,"pivot":{"x":0.01649552583694458,"y":0.31280991435050967,"z":-0.006465286016464233},"rotation":{"x":-0.06395997107028961,"y":0.8469198346138,"z":-0.10469966381788254,"w":-0.5173749327659607},"size":0.5370412468910217,"orthographic":false}