{"cameraMode":{"drawMode":0,"name":"Shaded","section":"Shading Mode"},"sceneLighting":false,"audioPlay":false,"sceneViewState":{"showFog":true,"showMaterialUpdate":true,"showSkybox":false,"showFlares":true,"showImageEffects":true,"showParticleSystems":true},"in2DMode":false,"pivot":{"x":-0.0003999844193458557,"y":0.12599997222423554,"z":0.37310004234313967},"rotation":{"x":0.028322799131274225,"y":-0.6745284199714661,"z":0.025913430377840997,"w":0.7372505068778992},"size":0.005911282263696194,"orthographic":true}